{"cameraMode":{"drawMode":0,"name":"Shaded","section":"Shading Mode"},"sceneLighting":true,"audioPlay":false,"sceneViewState":{"showFog":true,"showMaterialUpdate":false,"showSkybox":true,"showFlares":true,"showImageEffects":true,"showParticleSystems":true},"in2DMode":false,"pivot":{"x":-0.1413504183292389,"y":1.9472812414169312,"z":-4.44918966293335},"rotation":{"x":0.23915216326713563,"y":0.5326727032661438,"z":-0.16007757186889649,"w":0.7958902716636658},"size":12.753083229064942,"orthographic":false}