{"cameraMode":{"drawMode":0,"name":"Shaded","section":"Shading Mode"},"sceneLighting":false,"audioPlay":false,"sceneViewState":{"showFog":true,"showMaterialUpdate":false,"showSkybox":true,"showFlares":true,"showImageEffects":true,"showParticleSystems":true},"in2DMode":false,"pivot":{"x":-0.12953780591487885,"y":0.6328991651535034,"z":-3.4200000762939455},"rotation":{"x":0.3483589291572571,"y":0.6168314814567566,"z":-0.35090509057044985,"w":0.6123974323272705},"size":2.906099319458008,"orthographic":false}