{"cameraMode":{"drawMode":0,"name":"Shaded","section":"Shading Mode"},"sceneLighting":false,"audioPlay":false,"sceneViewState":{"showFog":true,"showMaterialUpdate":false,"showSkybox":true,"showFlares":true,"showImageEffects":true,"showParticleSystems":true},"in2DMode":false,"pivot":{"x":2.384185791015625e-7,"y":1.8714234828948975,"z":-0.03748524188995361},"rotation":{"x":0.3483589291572571,"y":0.6168314814567566,"z":-0.35090509057044985,"w":0.6123974323272705},"size":4.755262851715088,"orthographic":false}